{"bleu-1": 0.18965404385776388, "bleu-2": 0.1178567006954823, "bleu-3": 0.07930716030815847, "bleu-4": 0.05499630744672356, "f1": 0.24340594513033229, "rouge-1": {"r": 0.2125880212377721, "p": 0.21970187961230794, "f": 0.20436324479245818}, "rouge-2": {"r": 0.08696312189369372, "p": 0.08819725997505162, "f": 0.08155667654965289}, "rouge-l": {"r": 0.20387456403254872, "p": 0.21050292253950278, "f": 0.19577571936008697}}